<?xml version="1.0" encoding="UTF-8" standalone="yes"?>
<addon id="repository.kodi-mexico" name="Kodi-Puerto Rico Official Repo" version="1.0.0" provider-name="Kodi Puerto Rico">
	<extension point="xbmc.addon.repository" name="Kodi-Puerto Rico Official Repo">
		<info compressed="false">https://raw.github.com/granlobo/kodipuertorico/master/addons.xml</info>
		<checksum>https://raw.github.com/granlobo/kodipuertorico/master/addons.xml.md5</checksum>
		<datadir zip="true">https://raw.github.com/granlobo/kodipuertorico/master</datadir>
	</extension>
	<extension point="xbmc.addon.metadata">
		<summary>Kodi-Puerto Rico Official Repo</summary>
   		<description lang="en">Instala los Addons de Kodi Puerto Rico.</description>
		<disclaimer></disclaimer>
		<platform>all</platform>
	</extension>
</addon>